,Unnamed: 0,Unnamed: 0.1,id,conversation_id,created_at,date,timezone,place,text,hashtags,cashtags,user_id,user_id_str,username,name,day,hour,link,retweet,nlikes,nreplies,nretweets,quote_url,search,near,geo,source,user_rt_id,user_rt,retweet_id,reply_to,retweet_date,translate,trans_src,trans_dest,tweet,labels
3839,3839,3839,1.26027e+18,1.26027e+18,1589310000000.0,12-05-2020 23:54,530,,"COVID-19 has taught us the importance of local manufacturing, local markets and local supply chains.

Local saved us and supplied to our demands.

From now on, we must become vocal for the local products. We must not just buy it, but also advertise it. 

#AatmanirbharBharat",['#aatmanirbharbharat'],[],1.03073e+18,1.03073e+18,tanmaysofficial,à¤¤à¤¨à¥à¤®à¤¯ à¤¶à¤°à¥à¤®à¤¾,2,23,https://twitter.com/tanmaysofficial/status/1260274579894870016,False,0,0,0,,(corona OR coronavirus OR covid OR pandemic OR lockdown OR quarantine OR covid-19 OR ppe),,"28.5934,77.2223,2000km",,,,,"[{'user_id': '1030732324927926272', 'username': 'tanmaysofficial'}]",,,,,covid   taught   u   import   local   manufactur   local   market   local   suppli   chain   local   save   u   suppli   demand   must   becom   vocal   local   product   must   buy   also   advertis   aatmanirbharbharat  ,0
3842,3842,3842,1.26027e+18,1.26027e+18,1589310000000.0,12-05-2020 23:53,530,,"With the self reliant package, Indiaâs total economic package to deal with the aftermath of COVID stands at Rs 20 lakh crore. It is about 10% of Indiaâs GDP.

This will empower all sections of society. #AatmanirbharBharat pic.twitter.com/2R1K1xJvgW",['#aatmanirbharbharat'],[],1.03073e+18,1.03073e+18,tanmaysofficial,à¤¤à¤¨à¥à¤®à¤¯ à¤¶à¤°à¥à¤®à¤¾,2,23,https://twitter.com/tanmaysofficial/status/1260274473661497346,False,0,0,0,,(corona OR coronavirus OR covid OR pandemic OR lockdown OR quarantine OR covid-19 OR ppe),,"28.5934,77.2223,2000km",,,,,"[{'user_id': '1030732324927926272', 'username': 'tanmaysofficial'}]",,,,,self   reliant   packag   india   total   econom   packag   deal   aftermath   covid   stand   r   lakh   crore   india   gdp   empow   section   societi   aatmanirbharbharat  ,-1
3848,3848,3848,1.26027e+18,1.26027e+18,1589310000000.0,12-05-2020 23:52,530,,"Towards a Self-Reliant India: PM @NarendraModi jiâs announcement of a special economic package of ~ Rs 20 lakh cr will give a major boost to the economy & support our MSMEs

By ushering in reforms & promoting Make in India, India will lead in post COVID-19 era #AatmanirbharBharat",['#aatmanirbharbharat'],[],1.03073e+18,1.03073e+18,tanmaysofficial,à¤¤à¤¨à¥à¤®à¤¯ à¤¶à¤°à¥à¤®à¤¾,2,23,https://twitter.com/tanmaysofficial/status/1260274237992034304,False,0,0,0,,(corona OR coronavirus OR covid OR pandemic OR lockdown OR quarantine OR covid-19 OR ppe),,"28.5934,77.2223,2000km",,,,,"[{'user_id': '1030732324927926272', 'username': 'tanmaysofficial'}, {'user_id': '18839785', 'username': 'narendramodi'}]",,,,,toward   self   reliant   india   pm   ji   announc   special   econom   packag   r   lakh   cr   give   major   boost   economi   support   msme   usher   reform   promot   make   india   india   lead   post   covid   era   aatmanirbharbharat  ,-1
3858,3858,3858,1.26027e+18,1.26027e+18,1589310000000.0,12-05-2020 23:51,530,,"Lockdown MAY END by MAY END or MAY NOT END by MAY END as it MAY EXTEND.
BUT MAY will END by MAY END even if lockdown MAY NOT END 

#Lockdown4 #COVIDã¼19 #coronavirus #india #AatmanirbharBharat #may #May4th #may17 #May31st","['#lockdown4', '#covidã¼19', '#coronavirus', '#india', '#aatmanirbharbharat', '#may', '#may4th', '#may17', '#may31st']",[],50269167.0,50269167.0,mookieefuzz,Mukesh Gurnani,2,23,https://twitter.com/mookieefuzz/status/1260273889407459328,False,2,1,0,,(corona OR coronavirus OR covid OR pandemic OR lockdown OR quarantine OR covid-19 OR ppe),,"28.5934,77.2223,2000km",,,,,"[{'user_id': '50269167', 'username': 'mookieefuzz'}]",,,,,lockdown   may   end   may   end   may   end   may   end   may   extend   may   end   may   end   even   lockdown   may   end   lockdown   covid   coronaviru   india   aatmanirbharbharat   may   mayth   may   mayst  ,-1
3876,3876,3876,1.26027e+18,1.26027e+18,1589310000000.0,12-05-2020 23:47,530,,"Modi haters are silent but why?
They wanted relief package and modi announced so be happy and fight against Corona together and win #AatmanirbharBharat",['#aatmanirbharbharat'],[],278096719.0,278096719.0,sudhprak,Sudhanshu Prakash,2,23,https://twitter.com/sudhprak/status/1260272941524115456,False,0,0,0,,(corona OR coronavirus OR covid OR pandemic OR lockdown OR quarantine OR covid-19 OR ppe),,"28.5934,77.2223,2000km",,,,,"[{'user_id': '278096719', 'username': 'sudhprak'}]",,,,,modi   hater   silent   want   relief   packag   modi   announc   happi   fight   corona   togeth   win   aatmanirbharbharat  ,1
3882,3882,3882,1.26027e+18,1.26027e+18,1589310000000.0,12-05-2020 23:46,530,,"#AatmanirbharBharat
Lockdown 4.0 with New Set of Rules
 https://www.youtube.com/watch?v=s0syVPGCmNMÂ â¦
via NaMo App",['#aatmanirbharbharat'],[],2937700276.0,2937700276.0,BJPrajeshmishra,Rajesh Mishra,2,23,https://twitter.com/BJPrajeshmishra/status/1260272685428412418,False,0,0,0,,(corona OR coronavirus OR covid OR pandemic OR lockdown OR quarantine OR covid-19 OR ppe),,"28.5934,77.2223,2000km",,,,,"[{'user_id': '2937700276', 'username': 'BJPrajeshmishra'}]",,,,,aatmanirbharbharat   lockdown   new   set   rule   via   namo   app  ,1
3930,3930,3930,1.26027e+18,1.26027e+18,1589310000000.0,12-05-2020 23:39,530,,"India has crossed the mark of 74,243 Covid19 cases, 47520 cases are still active and 24304 patients have been recovered from coronavirus and deathtoll rises to 2415 total test conducted for the coronavirus is 17,59,579 so far.
#AatmanirbharBharat #PMModi #Lockdown4 #NarendraModi pic.twitter.com/FgSrC53rpR","['#aatmanirbharbharat', '#pmmodi', '#lockdown4', '#narendramodi']",[],3006823254.0,3006823254.0,RAHULGUPTA0908,Rahul,2,23,https://twitter.com/RAHULGUPTA0908/status/1260271009807994880,False,1,1,0,,(corona OR coronavirus OR covid OR pandemic OR lockdown OR quarantine OR covid-19 OR ppe),,"28.5934,77.2223,2000km",,,,,"[{'user_id': '3006823254', 'username': 'RAHULGUPTA0908'}]",,,,,india   cross   mark   covid   case   case   still   activ   patient   recov   coronaviru   deathtol   rise   total   test   conduct   coronaviru   far   aatmanirbharbharat   pmmodi   lockdown   narendramodi  ,-1
3957,3957,3957,1.26027e+18,1.26027e+18,1589310000000.0,12-05-2020 23:32,530,,"Today I learnt a new one when .@narendramodi said #JAM
#JanDhanYojna
#AadharCard
#MobilePhone 
Sooner or later , #BUTTER bhi aaega.
#AatmanirbharBharat
#COVID19 #lockdown #coronavirus","['#jam', '#jandhanyojna', '#aadharcard', '#mobilephone', '#butter', '#aatmanirbharbharat', '#covid19', '#lockdown', '#coronavirus']",[],30539237.0,30539237.0,sanjayraina,Sanjay Raina,2,23,https://twitter.com/sanjayraina/status/1260269248435220480,False,1,0,0,,(corona OR coronavirus OR covid OR pandemic OR lockdown OR quarantine OR covid-19 OR ppe),,"28.5934,77.2223,2000km",,,,,"[{'user_id': '30539237', 'username': 'sanjayraina'}, {'user_id': '18839785', 'username': 'narendramodi'}]",,,,,today   learnt   new   one   narendramodi   said   jam   jandhanyojna   aadharcard   mobilephon   sooner   later   butter   bhi   aaega   aatmanirbharbharat   covid   lockdown   coronaviru  ,-1
4210,4210,4210,1.26026e+18,1.26026e+18,1589300000000.0,12-05-2020 22:40,530,,#AatmanirbharBharat because unity in diversity and Use Indian products to make our country strong in this pandemic. Jai Hind ð®ð³,['#aatmanirbharbharat'],[],1.09609e+18,1.09609e+18,VaibhavMangla15,Vaibhav Mangla,2,22,https://twitter.com/VaibhavMangla15/status/1260255980329168897,False,0,0,0,,(corona OR coronavirus OR covid OR pandemic OR lockdown OR quarantine OR covid-19 OR ppe),,"28.5934,77.2223,2000km",,,,,"[{'user_id': '1096094491402858496', 'username': 'VaibhavMangla15'}]",,,,,aatmanirbharbharat   uniti   divers   use   indian   product   make   countri   strong   pandem   jai   hind  ,-1
4249,4249,4249,1.26025e+18,1.26025e+18,1589300000000.0,12-05-2020 22:32,530,,"COVID-19 has taught us the importance of local manufacturing, local markets and local supply chains.

Local saved us and supplied to our demands.

From now on, we must become vocal for the local products. We must not just buy it, but also advertise it. 

#AatmanirbharBharat pic.twitter.com/Tk87Ia7ymW",['#aatmanirbharbharat'],[],1.07568e+18,1.07568e+18,MishraState,PRAMOD MISHRA BJYM MP,2,22,https://twitter.com/MishraState/status/1260254088673067009,False,0,0,0,,(corona OR coronavirus OR covid OR pandemic OR lockdown OR quarantine OR covid-19 OR ppe),,"28.5934,77.2223,2000km",,,,,"[{'user_id': '1075682171795488768', 'username': 'MishraState'}]",,,,,covid   taught   u   import   local   manufactur   local   market   local   suppli   chain   local   save   u   suppli   demand   must   becom   vocal   local   product   must   buy   also   advertis   aatmanirbharbharat  ,0
4255,4255,4255,1.26025e+18,1.26025e+18,1589300000000.0,12-05-2020 22:31,530,,#AatmanirbharBharat are we looking at an increase in income tax or a Covid cess. What do you folks think.,['#aatmanirbharbharat'],[],2455152380.0,2455152380.0,shilpasunil_rao,SUNIL J RAO,2,22,https://twitter.com/shilpasunil_rao/status/1260253681380966401,False,0,1,0,,(corona OR coronavirus OR covid OR pandemic OR lockdown OR quarantine OR covid-19 OR ppe),,"28.5934,77.2223,2000km",,,,,"[{'user_id': '2455152380', 'username': 'shilpasunil_rao'}]",,,,,aatmanirbharbharat   look   increas   incom   tax   covid   ce   folk   think  ,-1
4279,4279,4279,1.26025e+18,1.26025e+18,1589300000000.0,12-05-2020 22:26,530,,"@BJP4India @BJPKarITCell
#AatmanirbharBharat
When the COVID-19 crisis started not even a single PPE kit was manufactured in India, only a few N95 masks were available. Today 2 Lakh PPE kits and 2 Lakh N95 masks are manufactured in India dail",['#aatmanirbharbharat'],[],7.34023e+17,7.34023e+17,1990_sree,SREE ðð,2,22,https://twitter.com/1990_sree/status/1260252589750317056,False,1,0,0,,(corona OR coronavirus OR covid OR pandemic OR lockdown OR quarantine OR covid-19 OR ppe),,"28.5934,77.2223,2000km",,,,,"[{'user_id': '734022857500413953', 'username': '1990_sree'}, {'user_id': '207809313', 'username': 'BJP4India'}]",,,,,aatmanirbharbharat   covid   crisi   start   even   singl   ppe   kit   manufactur   india   n   mask   avail   today   lakh   ppe   kit   lakh   n   mask   manufactur   india   dail  ,1
4280,4280,4280,1.26025e+18,1.26025e+18,1589300000000.0,12-05-2020 22:26,530,,"With the Aatmanirbhar package, Indiaâs total economic package to deal with the aftermath of COVID stands at Rs 20 lakh crore. It is about 10% of Indiaâs GDP: PM Modi #AatmanirbharBharat pic.twitter.com/6JAgiwfK23",['#aatmanirbharbharat'],[],1.16935e+18,1.16935e+18,brian_naresh,ðððððððð¥ðð âðð£ðð¤ð,2,22,https://twitter.com/brian_naresh/status/1260252570410311680,False,1,0,0,,(corona OR coronavirus OR covid OR pandemic OR lockdown OR quarantine OR covid-19 OR ppe),,"28.5934,77.2223,2000km",,,,,"[{'user_id': '1169345562614714368', 'username': 'brian_naresh'}]",,,,,aatmanirbhar   packag   india   total   econom   packag   deal   aftermath   covid   stand   r   lakh   crore   india   gdp   pm   modi   aatmanirbharbharat  ,-1
4281,4281,4281,1.26025e+18,1.26025e+18,1589300000000.0,12-05-2020 22:26,530,,"@BJP4India. @BJPKarITCell
#AatmanirbharBharat
More than 42 lakh people from different countries have been infected by COVID 19 and more than 2.75 lakh people have lost their lives due to the virus. PM Modi expresses condolences to many families who have lost their dear ones",['#aatmanirbharbharat'],[],7.34023e+17,7.34023e+17,1990_sree,SREE ðð,2,22,https://twitter.com/1990_sree/status/1260252449530470400,False,0,0,0,,(corona OR coronavirus OR covid OR pandemic OR lockdown OR quarantine OR covid-19 OR ppe),,"28.5934,77.2223,2000km",,,,,"[{'user_id': '734022857500413953', 'username': '1990_sree'}, {'user_id': '207809313', 'username': 'BJP4India'}]",,,,,aatmanirbharbharat   lakh   peopl   differ   countri   infect   covid   lakh   peopl   lost   life   due   viru   pm   modi   express   condol   mani   famili   lost   dear   one  ,-1
4309,4309,4309,1.26025e+18,1.26025e+18,1589300000000.0,12-05-2020 22:20,530,,"Playing this for rest of lockdown
#Lockdown4
#AatmanirbharBharat https://twitter.com/Vaishnavioffl/status/1260219949169012737Â â¦","['#lockdown4', '#aatmanirbharbharat']",[],1486506108.0,1486506108.0,lefttty7,Rounaq Boseð®ð³,2,22,https://twitter.com/lefttty7/status/1260251015724462081,False,1,0,0,https://twitter.com/Vaishnavioffl/status/1260219949169012737,(corona OR coronavirus OR covid OR pandemic OR lockdown OR quarantine OR covid-19 OR ppe),,"28.5934,77.2223,2000km",,,,,"[{'user_id': '1486506108', 'username': 'lefttty7'}]",,,,,play   rest   lockdown   lockdown   aatmanirbharbharat  ,-1
4312,4312,4312,1.26025e+18,1.26025e+18,1589300000000.0,12-05-2020 22:20,530,,"The post COVID-19 era will bring with it several opportunities and India's track record convinces me we will rise to the occasion and embrace the opportunities ahead. #AatmanirbharBharat
#AatmanirbharBharat","['#aatmanirbharbharat', '#aatmanirbharbharat']",[],1.24535e+18,1.24535e+18,Real_Ashishpaul,à¤°à¤¾à¤¹à¥à¤² à¤à¤¾à¤à¤§à¥ ðï¸âð¨ï¸,2,22,https://twitter.com/Real_Ashishpaul/status/1260250929334571010,False,1,0,0,,(corona OR coronavirus OR covid OR pandemic OR lockdown OR quarantine OR covid-19 OR ppe),,"28.5934,77.2223,2000km",,,,,"[{'user_id': '1245348215966306305', 'username': 'Real_Ashishpaul'}]",,,,,post   covid   era   bring   sever   opportun   india   track   record   convinc   rise   occas   embrac   opportun   ahead   aatmanirbharbharat   aatmanirbharbharat  ,-1
4317,4317,4317,1.26025e+18,1.26025e+18,1589300000000.0,12-05-2020 22:18,530,,"Every Indian has to become 'vocal' for their local products....ð®ð³
#AatmanirbharBharat #PMModi #lockdown #Lockdown4 #lockdown
#à¤à¤¤à¥à¤®à¤¨à¤¿à¤°à¥à¤­à¤°_à¤­à¤¾à¤°à¤¤_à¤à¤­à¤¿à¤¯à¤¾à¤¨ pic.twitter.com/Q3XetF2WPP","['#aatmanirbharbharat', '#pmmodi', '#lockdown', '#lockdown4', '#lockdown', '#à¤à¤¤à¥à¤®à¤¨à¤¿à¤°à¥à¤­à¤°_à¤­à¤¾à¤°à¤¤_à¤à¤­à¤¿à¤¯à¤¾à¤¨']",[],1.14397e+18,1.14397e+18,Thakursourabh30,Sourabh thakurð®ð³,2,22,https://twitter.com/Thakursourabh30/status/1260250566690844679,False,2,0,1,,(corona OR coronavirus OR covid OR pandemic OR lockdown OR quarantine OR covid-19 OR ppe),,"28.5934,77.2223,2000km",,,,,"[{'user_id': '1143968837597048833', 'username': 'Thakursourabh30'}]",,,,,everi   indian   becom   vocal   local   product   aatmanirbharbharat   pmmodi   lockdown   lockdown   lockdown  ,-1
4333,4333,4333,1.26025e+18,1.26025e+18,1589300000000.0,12-05-2020 22:16,530,,"#AatmanirbharBharat
When the COVID-19 crisis started not even a single PPE kit was manufactured in India, only a few N95 masks were available. Today 2 Lakh PPE kits and 2 Lakh N95 masks are manufactured in India daily.
via NaMo App",['#aatmanirbharbharat'],[],3071604992.0,3071604992.0,vishundayalgiri,à¤µà¤¿à¤¶à¥à¤¨à¤¦à¤¯à¤¾à¤² à¤à¤¿à¤°à¤¿,2,22,https://twitter.com/vishundayalgiri/status/1260249935439712257,False,0,0,0,,(corona OR coronavirus OR covid OR pandemic OR lockdown OR quarantine OR covid-19 OR ppe),,"28.5934,77.2223,2000km",,,,,"[{'user_id': '3071604992', 'username': 'vishundayalgiri'}]",,,,,aatmanirbharbharat   covid   crisi   start   even   singl   ppe   kit   manufactur   india   n   mask   avail   today   lakh   ppe   kit   lakh   n   mask   manufactur   india   daili   via   namo   app  ,1
4334,4334,4334,1.26025e+18,1.26025e+18,1589300000000.0,12-05-2020 22:16,530,,"#AatmanirbharBharat
More than 42 lakh people from different countries have been infected by COVID 19 and more than 2.75 lakh people have lost their lives due to the virus. PM Modi expresses condolences to many families who have lost their dear ones. 
via NaMo App",['#aatmanirbharbharat'],[],3071604992.0,3071604992.0,vishundayalgiri,à¤µà¤¿à¤¶à¥à¤¨à¤¦à¤¯à¤¾à¤² à¤à¤¿à¤°à¤¿,2,22,https://twitter.com/vishundayalgiri/status/1260249888186654722,False,0,0,0,,(corona OR coronavirus OR covid OR pandemic OR lockdown OR quarantine OR covid-19 OR ppe),,"28.5934,77.2223,2000km",,,,,"[{'user_id': '3071604992', 'username': 'vishundayalgiri'}]",,,,,aatmanirbharbharat   lakh   peopl   differ   countri   infect   covid   lakh   peopl   lost   life   due   viru   pm   modi   express   condol   mani   famili   lost   dear   one   via   namo   app  ,-1
4376,4376,4376,1.26025e+18,1.26025e+18,1589300000000.0,12-05-2020 22:08,530,,"#AatmanirbharBharat

Scientists say that COVID-19 will be a part of our lives for a very long time. But we can't let our lives remain confined, rather wear masks and maintain social distancing and strengthen our resolve to fight the pandemic.",['#aatmanirbharbharat'],[],8.46609e+17,8.46609e+17,krishna94539696,à¤à¥à¤·à¥à¤£ à¤à¥à¤®à¤¾à¤° à¤à¥à¤¡à¥à¤¡à¥ à¤¸à¤¿à¤à¤¹ (à¤¸à¤¾à¤µà¤°à¤à¤°),2,22,https://twitter.com/krishna94539696/status/1260248097868746752,False,1,0,1,,(corona OR coronavirus OR covid OR pandemic OR lockdown OR quarantine OR covid-19 OR ppe),,"28.5934,77.2223,2000km",,,,,"[{'user_id': '846609444221829121', 'username': 'krishna94539696'}]",,,,,aatmanirbharbharat   scientist   say   covid   part   life   long   time   let   life   remain   confin   rather   wear   mask   maintain   social   distanc   strengthen   resolv   fight   pandem  ,1
4391,4391,4391,1.26064e+18,1.26064e+18,1589390000000.0,13-05-2020 23:54,530,,"#AatmaNirbharBharatAbhiyan
Booster measures have been taken to unburden businesses since the onset of COVID-19. In a major initiative, the Modi Govt announced Rs 3 lakh crores collateral-free automatic loans for businesses, including MSMEs.
via NaMo App",['#aatmanirbharbharatabhiyan'],[],2920793186.0,2920793186.0,chandan07111967,Chandan Kumar,3,23,https://twitter.com/chandan07111967/status/1260637032755298305,False,0,0,0,,(corona OR coronavirus OR covid OR pandemic OR lockdown OR quarantine OR covid-19 OR ppe),,"28.5934,77.2223,2000km",,,,,"[{'user_id': '2920793186', 'username': 'chandan07111967'}]",,,,,aatmanirbharbharatabhiyan   booster   measur   taken   unburden   busi   sinc   onset   covid   major   initi   modi   govt   announc   r   lakh   crore   collater   free   automat   loan   busi   includ   msme   via   namo   app  ,-1
4394,4394,4394,1.26064e+18,1.26064e+18,1589390000000.0,13-05-2020 23:54,530,,"#AatmaNirbharBharatAbhiyan
As a first step towards tackling COVID-19, the Modi Govt brought in PM Garib Kalyan Yojana. The multi-faceted Rs 1.7 lakh crore yojana has provided insurance cover of Rs 50 lakh to every health worker.  
via NaMo App",['#aatmanirbharbharatabhiyan'],[],2920793186.0,2920793186.0,chandan07111967,Chandan Kumar,3,23,https://twitter.com/chandan07111967/status/1260636986383060992,False,0,0,0,,(corona OR coronavirus OR covid OR pandemic OR lockdown OR quarantine OR covid-19 OR ppe),,"28.5934,77.2223,2000km",,,,,"[{'user_id': '2920793186', 'username': 'chandan07111967'}]",,,,,aatmanirbharbharatabhiyan   first   step   toward   tackl   covid   modi   govt   brought   pm   garib   kalyan   yojana   multi   facet   r   lakh   crore   yojana   provid   insur   cover   r   lakh   everi   health   worker   via   namo   app  ,-1
4745,4745,4745,1.26061e+18,1.26061e+18,1589390000000.0,13-05-2020 22:14,530,,"PM CARES Fund Trust had decided to spend Rs 2,000 crore to buy ventilators, Rs 1,000 crore to take care of migrant workers.
It has earmarked another Rs 100 crore to support development of a vaccine against Covid-19. 
#AatmaNirbharBharatAbhiyan #PMCARES #PMCaresFunds pic.twitter.com/Y9Gdha6Pyt","['#aatmanirbharbharatabhiyan', '#pmcares', '#pmcaresfunds']",[],1.17764e+18,1.17764e+18,Nonehal2,nonehale,3,22,https://twitter.com/Nonehal2/status/1260611774958546944,False,4,1,2,,(corona OR coronavirus OR covid OR pandemic OR lockdown OR quarantine OR covid-19 OR ppe),,"28.5934,77.2223,2000km",,,,,"[{'user_id': '1177641841920892928', 'username': 'Nonehal2'}]",,,,,pm   care   fund   trust   decid   spend   r   crore   buy   ventil   r   crore   take   care   migrant   worker   earmark   anoth   r   crore   support   develop   vaccin   covid   aatmanirbharbharatabhiyan   pmcare   pmcaresfund  ,1
5188,5188,5188,1.26098e+18,1.26098e+18,1589480000000.0,14-05-2020 22:53,530,,"#AatmaNirbharBharatAbhiyan
All the successful measures taken by the Modi Govt over the two tenures have been reform-driven. For the poor, DBT based reforms were brought in based on Jan Dhan, Aadhaar, and mobile technology, which has helped migrants during the pandemic.
via NaMo",['#aatmanirbharbharatabhiyan'],[],3254632518.0,3254632518.0,rsguptak,à¤°à¤¾à¤®à¤¾ à¤¸à¤¨à¤¾à¤¤à¤¨à¥ à¤¹à¤¿à¤¨à¥à¤¦à¥à¥¤,4,22,https://twitter.com/rsguptak/status/1260984163051597824,False,0,0,0,,(corona OR coronavirus OR covid OR pandemic OR lockdown OR quarantine OR covid-19 OR ppe),,"28.5934,77.2223,2000km",,,,,"[{'user_id': '3254632518', 'username': 'rsguptak'}]",,,,,aatmanirbharbharatabhiyan   success   measur   taken   modi   govt   two   tenur   reform   driven   poor   dbt   base   reform   brought   base   jan   dhan   aadhaar   mobil   technolog   help   migrant   pandem   via   namo  ,1
6379,6379,6379,1.2617e+18,1.2617e+18,1589650000000.0,16-05-2020 22:14,530,,"#AatmaNirbharBharat
Scientists say that COVID-19 will be a part of our lives for a very long time. But we can't let our lives remain confined, rather wear masks and maintain social distancing and strengthen our resolve to fight the pandemic.
via NaMo App",['#aatmanirbharbharat'],[],8.74175e+17,8.74175e+17,Sushil07392051,Sushil,6,22,https://twitter.com/Sushil07392051/status/1261699141652094977,False,0,0,0,,(corona OR coronavirus OR covid OR pandemic OR lockdown OR quarantine OR covid-19 OR ppe),,"28.5934,77.2223,2000km",,,,,"[{'user_id': '874174526837460992', 'username': 'Sushil07392051'}]",,,,,aatmanirbharbharat   scientist   say   covid   part   life   long   time   let   life   remain   confin   rather   wear   mask   maintain   social   distanc   strengthen   resolv   fight   pandem   via   namo   app  ,1
6380,6380,6380,1.2617e+18,1.2617e+18,1589650000000.0,16-05-2020 22:14,530,,"#AatmaNirbharBharat
More than 42 lakh people from different countries have been infected by COVID 19 and more than 2.75 lakh people have lost their lives due to the virus. PM Modi expresses condolences to many families who have lost their dear ones. 
via NaMo App",['#aatmanirbharbharat'],[],8.74175e+17,8.74175e+17,Sushil07392051,Sushil,6,22,https://twitter.com/Sushil07392051/status/1261699080864096256,False,0,0,0,,(corona OR coronavirus OR covid OR pandemic OR lockdown OR quarantine OR covid-19 OR ppe),,"28.5934,77.2223,2000km",,,,,"[{'user_id': '874174526837460992', 'username': 'Sushil07392051'}]",,,,,aatmanirbharbharat   lakh   peopl   differ   countri   infect   covid   lakh   peopl   lost   life   due   viru   pm   modi   express   condol   mani   famili   lost   dear   one   via   namo   app  ,-1
6395,6395,6395,1.2617e+18,1.2617e+18,1589650000000.0,16-05-2020 22:12,530,,"#AatmaNirbharBharat
More than 42 lakh people from different countries have been infected by COVID 19 and more than 2.75 lakh people have lost their lives due to the virus. PM Modi expresses condolences to many families who have lost their dear ones. 
via NaMo App",['#aatmanirbharbharat'],[],8.74175e+17,8.74175e+17,Sushil07392051,Sushil,6,22,https://twitter.com/Sushil07392051/status/1261698487860842496,False,0,0,0,,(corona OR coronavirus OR covid OR pandemic OR lockdown OR quarantine OR covid-19 OR ppe),,"28.5934,77.2223,2000km",,,,,"[{'user_id': '874174526837460992', 'username': 'Sushil07392051'}]",,,,,aatmanirbharbharat   lakh   peopl   differ   countri   infect   covid   lakh   peopl   lost   life   due   viru   pm   modi   express   condol   mani   famili   lost   dear   one   via   namo   app  ,-1
119,119,119,1.25737e+18,1.25737e+18,1588620000000.0,04-05-2020 23:38,530,,"Short lived happiness in Delhi...alcohol to become dearer...
Delhi govt to impose 70 percent special Corona Tax on MRP
#alcohol #BoozePeBawaal #EconomyWarriors
@msisodia @ArvindKejriwal pic.twitter.com/zbW52AO9tu","['#alcohol', '#boozepebawaal', '#economywarriors']",[],104473820.0,104473820.0,payalmehta100,Payal Mehta/àªªàª¾àª¯àª² àª®à«àª¹àª¤àª¾/ à¤ªà¤¾à¤¯à¤² à¤®à¥à¤¹à¤¤à¤¾/   à¦ªà¦¾à¦¯à§à¦² à¦®à§à¦¹à¦¤à¦¾,1,23,https://twitter.com/payalmehta100/status/1257371477948674049,False,3,1,2,,(corona OR coronavirus OR covid OR pandemic OR lockdown OR quarantine OR covid-19 OR ppe),,"28.5934,77.2223,2000km",,,,,"[{'user_id': '104473820', 'username': 'payalmehta100'}, {'user_id': '30417501', 'username': 'msisodia'}, {'user_id': '405427035', 'username': 'ArvindKejriwal'}]",,,,,short   live   happi   delhi   alcohol   becom   dearer   delhi   govt   impos   percent   special   corona   tax   mrp   alcohol   boozepebawa   economywarrior  ,-1
710,710,710,1.25772e+18,1.25772e+18,1588700000000.0,05-05-2020 23:01,530,," https://youtu.be/rWnH7UelPhkÂ 
Watch my first interaction on TV.  it will remain my first love forever. 
#india #shishirverma #blackorwhite #media #news #tvdebate #Lockdown3 #lockdown #economicresponse #economy","['#india', '#shishirverma', '#blackorwhite', '#media', '#news', '#tvdebate', '#lockdown3', '#lockdown', '#economicresponse', '#economy']",[],562131450.0,562131450.0,shishirvansh,Shishir Verma (Author of Black or White The Mo...),2,23,https://twitter.com/shishirvansh/status/1257724539812880387,False,0,0,0,,(corona OR coronavirus OR covid OR pandemic OR lockdown OR quarantine OR covid-19 OR ppe),,"28.5934,77.2223,2000km",,,,,"[{'user_id': '562131450', 'username': 'shishirvansh'}]",,,,,watch   first   interact   tv   remain   first   love   forev   india   shishirverma   blackorwhit   medium   news   tvdebat   lockdown   lockdown   economicrespons   economi  ,1
2868,2868,2868,1.25954e+18,1.25942e+18,1589130000000.0,10-05-2020 23:30,530,,"From the looks of it (D severity of the #ChineseVirus #Corona), all things point towards a decently good stimulus package, this time round. The more #GOI gives to its citizens this time, more beneficial it wud be for the #economy in turn. @narendramodi @AmitShah @RSSorg @Swamy39 pic.twitter.com/UX3M82SR6j","['#chinesevirus', '#corona', '#goi', '#economy']",[],75307378.0,75307378.0,TruthYOuRstRuLy,"ð®ð³Adarsh Saxena,CA #FundManager #RiskManagerð®ð³",7,23,https://twitter.com/TruthYOuRstRuLy/status/1259543782128676866,False,1,1,0,,(corona OR coronavirus OR covid OR pandemic OR lockdown OR quarantine OR covid-19 OR ppe),,"28.5934,77.2223,2000km",,,,,"[{'user_id': '75307378', 'username': 'TruthYOuRstRuLy'}, {'user_id': '18839785', 'username': 'narendramodi'}, {'user_id': '1447949844', 'username': 'AmitShah'}, {'user_id': '310239584', 'username': 'RSSorg'}, {'user_id': '60937837', 'username': 'Swamy39'}]",,,,,look   sever   chineseviru   corona   thing   point   toward   decent   good   stimulu   packag   time   round   goi   give   citizen   time   benefici   wud   economi   turn  ,0
3452,3452,3452,1.2599e+18,1.2599e+18,1589220000000.0,11-05-2020 23:19,530,,"Where is the price of salt....ð.
Namak kharida.....!!?
#lockdown #COVID #PriceAction #economy","['#lockdown', '#covid', '#priceaction', '#economy']",[],8.41567e+17,8.41567e+17,prithvichandel2,Prithvi Raj Chandel,1,23,https://twitter.com/prithvichandel2/status/1259903423195107328,False,1,0,0,,(corona OR coronavirus OR covid OR pandemic OR lockdown OR quarantine OR covid-19 OR ppe),,"28.5934,77.2223,2000km",,,,,"[{'user_id': '841567483202949120', 'username': 'prithvichandel2'}]",,,,,price   salt   namak   kharida   lockdown   covid   priceact   economi  ,-1
3953,3953,3953,1.26027e+18,1.26027e+18,1589310000000.0,12-05-2020 23:33,530,,"#à¤à¤¤à¥à¤®à¤¨à¤¿à¤°à¥à¤­à¤°_à¤­à¤¾à¤°à¤¤ 
Five Pillars of Indiaâs growth : 
1. #Economy 
2. #Infrastructure
3. #TechDrivenSystem
4. #VibrantDemography 
5. #DemandChain .
Ex. :- Manufacturing of 2 lakh PPE kits and 2 lakhs N95 masks daily is an example we have started our path towards #selfreliant
ðð®ð³","['#à¤à¤¤à¥à¤®à¤¨à¤¿à¤°à¥à¤­à¤°_à¤­à¤¾à¤°à¤¤', '#economy', '#infrastructure', '#techdrivensystem', '#vibrantdemography', '#demandchain', '#selfreliant']",[],9.50004e+17,9.50004e+17,iAkshitDahiya,Akshit Dahiya,2,23,https://twitter.com/iAkshitDahiya/status/1260269352038699009,False,51,1,10,,(corona OR coronavirus OR covid OR pandemic OR lockdown OR quarantine OR covid-19 OR ppe),,"28.5934,77.2223,2000km",,,,,"[{'user_id': '950004043065188352', 'username': 'iAkshitDahiya'}]",,,,,five   pillar   india   growth   economi   infrastructur   techdrivensystem   vibrantdemographi   demandchain   ex   manufactur   lakh   ppe   kit   lakh   n   mask   daili   exampl   start   path   toward   selfreli  ,1
4517,4517,4517,1.26063e+18,1.26063e+18,1589390000000.0,13-05-2020 23:21,530,,"On behalf of # #icap. Iâm extremely grateful to Dr. Hafeez Shaikh, Finance Minister Pakistan, and guest speaker on #webinar on #Pakistan #Economy: Post #COVID;  for his insightful presentation. If you missed it please Click  https://www.facebook.com/ICAP.CA/videos/243368223567467/?vh=e&d=nÂ â¦","['#icap', '#webinar', '#pakistan', '#economy', '#covid']",[],155977498.0,155977498.0,ashfaqtola,Ashfaq Yousuf Tola,3,23,https://twitter.com/ashfaqtola/status/1260628652947058688,False,2,0,0,,(corona OR coronavirus OR covid OR pandemic OR lockdown OR quarantine OR covid-19 OR ppe),,"28.5934,77.2223,2000km",,,,,"[{'user_id': '155977498', 'username': 'ashfaqtola'}]",,,,,behalf   icap   extrem   grate   dr   hafeez   shaikh   financ   minist   pakistan   guest   speaker   webinar   pakistan   economi   post   covid   insight   present   miss   pleas   click  ,-1
5533,5533,5533,1.26136e+18,1.2613e+18,1589570000000.0,15-05-2020 23:41,530,,"The Corona killing economy. Its indeed needed to be cured with resources already (& would be) generated by #economy. 
The one you pointed out, killing humans / societies! Nothing to be worried. 
#corporateworld","['#economy', '#corporateworld']",[],2189058580.0,2189058580.0,jamiladil6676,Adil Jamil,5,23,https://twitter.com/jamiladil6676/status/1261358515047657473,False,0,0,0,,(corona OR coronavirus OR covid OR pandemic OR lockdown OR quarantine OR covid-19 OR ppe),,"28.5934,77.2223,2000km",,,,,"[{'user_id': '2189058580', 'username': 'jamiladil6676'}, {'user_id': '1025054978547822592', 'username': 'SalmanSufi7'}]",,,,,corona   kill   economi   inde   need   cure   resourc   alreadi   would   gener   economi   one   point   kill   human   societi   noth   worri   corporateworld  ,-1
5679,5679,5679,1.26135e+18,1.26135e+18,1589560000000.0,15-05-2020 23:01,530,,"Sir @narendramodi
Do we really need this or needed Hospital in our country.
You also know you fail in this #COVID__19 . Everyday poor are dying and middle class is becoming poor. 

Do something before Its too late. 
#ModiBestPmEver
#economynotpolitics pic.twitter.com/sOWsNVdq3l","['#covid__19', '#modibestpmever', '#economynotpolitics']",[],285761495.0,285761495.0,filmwalalarka,Jaffar Shad,5,23,https://twitter.com/filmwalalarka/status/1261348493857132544,False,10,7,4,,(corona OR coronavirus OR covid OR pandemic OR lockdown OR quarantine OR covid-19 OR ppe),,"28.5934,77.2223,2000km",,,,,"[{'user_id': '285761495', 'username': 'filmwalalarka'}, {'user_id': '18839785', 'username': 'narendramodi'}]",,,,,sir   realli   need   need   hospit   countri   also   know   fail   covid   everyday   poor   die   middl   class   becom   poor   someth   late   modibestpmev   economynotpolit  ,-1
6355,6355,6355,1.2617e+18,1.26166e+18,1589650000000.0,16-05-2020 22:18,530,,"Ye Isro K PPP Ka Covid 19 relief package se relation Kuch samjh nhi aarha..?

#JantaKareSawaal
#EconomyWaalaJhoot
#JumloKiBarsat","['#jantakaresawaal', '#economywaalajhoot', '#jumlokibarsat']",[],80556902.0,80556902.0,kulshreshthaarp,Arpit Kulshreshtha,6,22,https://twitter.com/kulshreshthaarp/status/1261700147005849601,False,1,0,0,,(corona OR coronavirus OR covid OR pandemic OR lockdown OR quarantine OR covid-19 OR ppe),,"28.5934,77.2223,2000km",,,,,"[{'user_id': '80556902', 'username': 'kulshreshthaarp'}, {'user_id': '18839785', 'username': 'narendramodi'}]",,,,,ye   isro   k   pp   ka   covid   relief   packag   se   relat   kuch   samjh   nhi   aarha   jantakaresawa   economywaalajhoot   jumlokibarsat  ,-1
6406,6406,6406,1.2617e+18,1.26163e+18,1589650000000.0,16-05-2020 22:10,530,,"@nsitharaman any answer ðð
#EconomyWaalaJhoot
#à¤¸à¤®à¤¯_à¤°à¤¹à¤¤à¥_à¤ªà¤¹à¤à¤¾à¤¨_à¤²à¥
#Covid_19","['#economywaalajhoot', '#à¤¸à¤®à¤¯_à¤°à¤¹à¤¤à¥_à¤ªà¤¹à¤à¤¾à¤¨_à¤²à¥', '#covid_19']",[],80556902.0,80556902.0,kulshreshthaarp,Arpit Kulshreshtha,6,22,https://twitter.com/kulshreshthaarp/status/1261698005792628736,False,0,0,0,,(corona OR coronavirus OR covid OR pandemic OR lockdown OR quarantine OR covid-19 OR ppe),,"28.5934,77.2223,2000km",,,,,"[{'user_id': '80556902', 'username': 'kulshreshthaarp'}, {'user_id': '83531741', 'username': 'VishnuNDTV'}, {'user_id': '2253142422', 'username': 'isro'}, {'user_id': '58243368', 'username': 'nsitharaman'}]",,,,,answer   economywaalajhoot   covid  ,-1
5510,5510,5510,1.26136e+18,1.26136e+18,1589570000000.0,15-05-2020 23:46,530,,"What a wonderful piece of writing! â¥ï¸â¥ï¸
 https://www.theparisreview.org/blog/2020/05/07/fuck-the-bread-the-bread-is-over/Â â¦
#COVID #covid19 #coronavirus #lockdown #JobsDuringCorona #AllInThisTogether","['#covid', '#covid19', '#coronavirus', '#lockdown', '#jobsduringcorona', '#allinthistogether']",[],149563869.0,149563869.0,Paulaaziz,Aziza Ahmed Paula ð§ð©,5,23,https://twitter.com/Paulaaziz/status/1261359928217911296,False,0,0,0,,(corona OR coronavirus OR covid OR pandemic OR lockdown OR quarantine OR covid-19 OR ppe),,"28.5934,77.2223,2000km",,,,,"[{'user_id': '149563869', 'username': 'Paulaaziz'}]",,,,,wonder   piec   write   covid   covid   coronaviru   lockdown   jobsduringcorona   allinthistogeth  ,-1
6190,6190,6190,1.26171e+18,1.26171e+18,1589650000000.0,16-05-2020 23:00,530,,"Coronavirus lockdown | Migrant labourers need cash, not loans: @RahulGandhi #COVID19 #India #EconomicPackage #Jobs #UBI https://www.thehindu.com/news/national/when-a-child-is-hurt-the-mother-doesnt-give-loans-rahuls-jibe-at-centres-covid-lockdown-package/article31599343.eceÂ â¦","['#covid19', '#india', '#economicpackage', '#jobs', '#ubi']",[],18158637.0,18158637.0,VishaalB,Vishaal Bhatnagar,6,23,https://twitter.com/VishaalB/status/1261710518932439041,False,0,0,0,,(corona OR coronavirus OR covid OR pandemic OR lockdown OR quarantine OR covid-19 OR ppe),,"28.5934,77.2223,2000km",,,,,"[{'user_id': '18158637', 'username': 'VishaalB'}, {'user_id': '3171712086', 'username': 'RahulGandhi'}]",,,,,coronaviru   lockdown   migrant   labour   need   cash   loan   covid   india   economicpackag   job   ubi  ,1
884,884,884,1.2581e+18,1.2581e+18,1588790000000.0,06-05-2020 23:38,530,,"#BusinessDuringCovid - Keep Your Team Engaged

Keep your team members engaged and stay connected with them through video conferencing tools like Zoom and Google Hangouts. #EOAssam #COVID_19 
.
.
.
#EOSouthAsiaâ¦  https://www.instagram.com/p/B_2xxTQj9nt/?igshid=163s7q307abx6Â â¦","['#businessduringcovid', '#eoassam', '#covid_19', '#eosouthasia']",[],9.44064e+17,9.44064e+17,eoassam,EO Assam,3,23,https://twitter.com/eoassam/status/1258096191901970433,False,0,0,0,,(corona OR coronavirus OR covid OR pandemic OR lockdown OR quarantine OR covid-19 OR ppe),,"28.5934,77.2223,2000km",,,,,"[{'user_id': '944063850688561152', 'username': 'eoassam'}]",,,,,businessduringcovid   keep   team   engag   keep   team   member   engag   stay   connect   video   conferenc   tool   like   zoom   googl   hangout   eoassam   covid   eosouthasia  ,1
3429,3429,3429,1.2599e+18,1.2599e+18,1589220000000.0,11-05-2020 23:24,530,Spice Market,"#mondaythoughts #MondayMotivaton
#lockdown #business #HealthyAtHome #healthydiet
#organic #free #multisareoverparty
#India #lockdown #SocialDistancing
#stayingalert #DigitalMarketing #royalhightrade #PremierLeague
Buy this item from my store in Paytm Mall  https://paytm.com/shop/p/purani-dilli-se-kishmish-raisins-kandhari-sundekhani-400g-FASPURANI-DILLIPURA82336888275529Â â¦ pic.twitter.com/MAd8RUE0WE â at Spice Market","['#mondaythoughts', '#mondaymotivaton', '#lockdown', '#business', '#healthyathome', '#healthydiet', '#organic', '#free', '#multisareoverparty', '#india', '#lockdown', '#socialdistancing', '#stayingalert', '#digitalmarketing', '#royalhightrade', '#premierleague']",[],9.72513e+17,9.72513e+17,PuraniDilliSe,Purani Dilli Se,1,23,https://twitter.com/PuraniDilliSe/status/1259904773198880768,False,0,0,0,,(corona OR coronavirus OR covid OR pandemic OR lockdown OR quarantine OR covid-19 OR ppe),,"28.5934,77.2223,2000km",,,,,"[{'user_id': '972513052355686401', 'username': 'PuraniDilliSe'}]",,,,,mondaythought   mondaymotivaton   lockdown   busi   healthyathom   healthydiet   organ   free   multisareoverparti   india   lockdown   socialdistanc   stayingalert   digitalmarket   royalhightrad   premierleagu   buy   item   store   paytm   mall   spice   market  ,1
6364,6364,6364,1.2617e+18,1.2617e+18,1589650000000.0,16-05-2020 22:17,530,,Future of shopping. Beyond Corona Businesses taking up new measures to handle a post Corona world #corona #coronavirus #postcorona #postcoronaplans #business #wealth #wealthguru24x7 #puneetkumarandco #showroom #shopâ¦  https://www.instagram.com/p/CAQXsmFg_Aw/?igshid=1g5mza7p5zrtvÂ â¦,"['#corona', '#coronavirus', '#postcorona', '#postcoronaplans', '#business', '#wealth', '#wealthguru24x7', '#puneetkumarandco', '#showroom', '#shop']",[],112391589.0,112391589.0,pkcadvisors,Puneet Kumar And Co,6,22,https://twitter.com/pkcadvisors/status/1261699805669187584,False,0,3,0,,(corona OR coronavirus OR covid OR pandemic OR lockdown OR quarantine OR covid-19 OR ppe),,"28.5934,77.2223,2000km",,,,,"[{'user_id': '112391589', 'username': 'pkcadvisors'}]",,,,,futur   shop   beyond   corona   busi   take   new   measur   handl   post   corona   world   corona   coronaviru   postcorona   postcoronaplan   busi   wealth   wealthgurux   puneetkumarandco   showroom   shop  ,0
6508,6508,6508,1.26169e+18,1.26169e+18,1589650000000.0,16-05-2020 21:41,530,,"Boomerang at office in #lockdown
#animeria #animeriaowner #businessowner #vaishalirajput pic.twitter.com/AlDK6ssQQw","['#lockdown', '#animeria', '#animeriaowner', '#businessowner', '#vaishalirajput']",[],4086477312.0,4086477312.0,animeriaowner,Vaishali Rajput,6,21,https://twitter.com/animeriaowner/status/1261690787701522432,False,0,0,0,,(corona OR coronavirus OR covid OR pandemic OR lockdown OR quarantine OR covid-19 OR ppe),,"28.5934,77.2223,2000km",,,,,"[{'user_id': '4086477312', 'username': 'animeriaowner'}]",,,,,boomerang   offic   lockdown   animeria   animeriaown   businessown   vaishalirajput  ,1
710,710,710,1.25772e+18,1.25772e+18,1588700000000.0,05-05-2020 23:01,530,," https://youtu.be/rWnH7UelPhkÂ 
Watch my first interaction on TV.  it will remain my first love forever. 
#india #shishirverma #blackorwhite #media #news #tvdebate #Lockdown3 #lockdown #economicresponse #economy","['#india', '#shishirverma', '#blackorwhite', '#media', '#news', '#tvdebate', '#lockdown3', '#lockdown', '#economicresponse', '#economy']",[],562131450.0,562131450.0,shishirvansh,Shishir Verma (Author of Black or White The Mo...),2,23,https://twitter.com/shishirvansh/status/1257724539812880387,False,0,0,0,,(corona OR coronavirus OR covid OR pandemic OR lockdown OR quarantine OR covid-19 OR ppe),,"28.5934,77.2223,2000km",,,,,"[{'user_id': '562131450', 'username': 'shishirvansh'}]",,,,,watch   first   interact   tv   remain   first   love   forev   india   shishirverma   blackorwhit   medium   news   tvdebat   lockdown   lockdown   economicrespons   economi  ,1
1292,1292,1292,1.25807e+18,1.25807e+18,1588780000000.0,06-05-2020 22:12,530,,"Good decision
But
Poor disaster management
By AMC...

But after seeing chaos on every street
Despairingly want to say.

"" Marenge sab ke sab...ð£ð ð ""
.
.
#AMC #DisasterManagement #Ahmedabad #Covid19 #Media #News #curfew #lockdown Ahmedabad #vijayrupani #dgp #jyantiravi","['#amc', '#disastermanagement', '#ahmedabad', '#covid19', '#media', '#news', '#curfew', '#lockdown', '#vijayrupani', '#dgp', '#jyantiravi']",[],493918456.0,493918456.0,icarpit,Arpit Chandel,3,22,https://twitter.com/icarpit/status/1258074724522848257,False,0,0,0,,(corona OR coronavirus OR covid OR pandemic OR lockdown OR quarantine OR covid-19 OR ppe),,"28.5934,77.2223,2000km",,,,,"[{'user_id': '493918456', 'username': 'icarpit'}]",,,,,good   decis   poor   disast   manag   amc   see   chao   everi   street   despairingli   want   say   mareng   sab   ke   sab   amc   disastermanag   ahmedabad   covid   medium   news   curfew   lockdown   ahmedabad   vijayrupani   dgp   jyantiravi  ,-1
3818,3818,3818,1.25989e+18,1.25989e+18,1589220000000.0,11-05-2020 22:06,530,,"Media is sold.Not even a single channel is showing the problems of patients.They are declaring what a wonderful task is our government doing.Working on press releases.Shame!

#coronavirus #MediaVirus","['#coronavirus', '#mediavirus']",[],185775957.0,185775957.0,tusharupreti123,à¤¤à¥à¤·à¤¾à¤° à¤à¤ªà¥à¤°à¥à¤¤à¥,1,22,https://twitter.com/tusharupreti123/status/1259885219559047182,False,3,0,0,,(corona OR coronavirus OR covid OR pandemic OR lockdown OR quarantine OR covid-19 OR ppe),,"28.5934,77.2223,2000km",,,,,"[{'user_id': '185775957', 'username': 'tusharupreti123'}]",,,,,medium   sold   even   singl   channel   show   problem   patient   declar   wonder   task   govern   work   press   releas   shame   coronaviru   mediaviru  ,1
4187,4187,4187,1.26026e+18,1.26026e+18,1589300000000.0,12-05-2020 22:45,530,,"Opportunity for every Indian ð
.
.
#Localvocal #Narendramodi #Lockdown #Creativity #Ideation #Digitalmedia #Media #India #Lockdown4 #20lakhcrore 
.
.
Sky Media 
Jodhpur pic.twitter.com/Qzjul4TuQz","['#localvocal', '#narendramodi', '#lockdown', '#creativity', '#ideation', '#digitalmedia', '#media', '#india', '#lockdown4', '#20lakhcrore']",[],270202056.0,270202056.0,liladhar1988,Liladhar Sankhala,2,22,https://twitter.com/liladhar1988/status/1260257420179320834,False,0,0,0,,(corona OR coronavirus OR covid OR pandemic OR lockdown OR quarantine OR covid-19 OR ppe),,"28.5934,77.2223,2000km",,,,,"[{'user_id': '270202056', 'username': 'liladhar1988'}]",,,,,opportun   everi   indian   localvoc   narendramodi   lockdown   creativ   ideat   digitalmedia   medium   india   lockdown   lakhcror   sky   medium   jodhpur  ,1
3230,3230,3230,1.25952e+18,1.25952e+18,1589130000000.0,10-05-2020 22:09,530,,New Job opportunities inPost Lockdown Economy #job #Recruitment #employment pic.twitter.com/8ZdmXGeR5r,"['#job', '#recruitment', '#employment']",[],46344691.0,46344691.0,rahulbane,Rahul Banerjee,7,22,https://twitter.com/rahulbane/status/1259523454602063872,False,2,0,0,,(corona OR coronavirus OR covid OR pandemic OR lockdown OR quarantine OR covid-19 OR ppe),,"28.5934,77.2223,2000km",,,,,"[{'user_id': '46344691', 'username': 'rahulbane'}]",,,,,new   job   opportun   inpost   lockdown   economi   job   recruit   employ  ,1
